Name,Canonical_Smiles,SMARTS
{HEXAFLUOROPROPENE OXIDE},FC(F)(F)C1(F)OC1(F)F,[#6]1(-[#9])(-[#6](-[#9])(-[#9])-[#9])-[#8]-[#6]1(-[#9])-[#9]
{GLYCIDYL ACRYLATE},C=CC(=O)OCC1CO1,[#6]1(-[#6]-[#8]-[#6](=[#8])-[#6]=[#6])-[#8]-[#6]1
{ETHYLENE OXIDE},C1CO1,[#6]1-[#8]-[#6]1
"{2-(3,4-EPOXYCYCLOHEXYL)ETHYLTRIMETHOXYSILANE}",CO[Si](CCC1CCC2OC2C1)(OC)OC,[#14](-[#8]-[#6])(-[#8]-[#6])(-[#8]-[#6])-[#6]-[#6]-[#6]1-[#6]-[#6]-[#6](-[#8]2)-[#6]2-[#6]1
"{6ALPHA,7ALPHA-EPOXY-2-OXABICYCLO[3.3.0]OCTAN-3-ONE}",O=C1CC2C[C@@H]3O[C@@H]3C2C1,[#6@@]12-[#6@@](-[#8]1)-[#6]-[#6](-[#6]-[#6](=[#8])-[#6]3)-[#6]23
{SCOPOLAMINE N-OXIDE HYDROBROMIDE},Br.C[N+]1([O-])[C@@H]2C[C@H](C[C@H]1[C@@H]3O[C@H]23)OC(=O)[C@H](CO)c4ccccc4,[#6@@]12(-[#1])-[#6@@](-[#1])(-[#8]1)-[#6@@](-[#1])(-[#7+](-[#8-])(-[#6])-[#6@@]23-[#1])-[#6]-[#6@](-[#8]-[#6](=[#8])-[#6@](-[#6]-[#8])-[c]4:[c]:[c]:[c]:[c]:[c]4)-[#6]3
"{4-CHLOROMETHYL-3,4-EPOXYPENTAN-2-ONE}",CC(=O)C1OC1(C)CCl,[#6]1(-[#6])(-[#6]-[#17])-[#8]-[#6]1-[#6](=[#8])-[#6]
"{3,4-EPOXY-6-METHYLCYCLOHEXYLMETHYL-3,4-EPOXY-6-METHYLCYCLOHEXANECARBOXYLATE}",CC1CC2OC2CC1COC(=O)C3CC4OC4CC3C,[#6]12-[#6](-[#8]1)-[#6]-[#6](-[#6](-[#6](=[#8])-[#8]-[#6]-[#6]3-[#6](-[#6])-[#6]-[#6](-[#8]4)-[#6]4-[#6]3)-[#6]2)-[#6]
{(3-GLYCIDOXYPROPYL)BIS(TRIMETHYLSILOXY)METHYLSILANE},C[SiH](CCCOCC1(CO1)O[Si](C)(C)C)O[Si](C)(C)C,[#6]1(-[#6]-[#8]-[#6]-[#6]-[#6]-[#14](-[#6])-[#8]-[#14](-[#6])(-[#6])-[#6])(-[#8]-[#14](-[#6])(-[#6])-[#6])-[#8]-[#6]1
"{3-(1H,1H,5H-OCTAFLUOROPENTYLOXY)-1,2-EPOXYPROPANE}",FC(F)C(F)(F)C(F)(F)C(F)(F)COCC1CO1,[#6](-[#9])(-[#9])(-[#6](-[#9])(-[#9])-[#6]-[#8]-[#6]-[#6]1-[#8]-[#6]1)-[#6](-[#9])(-[#9])-[#6](-[#9])-[#9]
{SCOPINE HYDROCHLORIDE},Cl.CN1[C@@H]2C[C@@H](O)C[C@H]1[C@@H]3O[C@H]23,[#6@@]12(-[#1])-[#6@@](-[#1])(-[#8]1)-[#6@@](-[#1])(-[#7](-[#6])-[#6@@]23-[#1])-[#6]-[#6@](-[#8])-[#6]3
{TRIDIPHANE},Clc1cc(Cl)cc(c1)C2(CC(Cl)(Cl)Cl)CO2,[#6]1(-[#6]-[#6](-[#17])(-[#17])-[#17])(-[#8]-[#6]1)-[c]2:[c]:[c](:[c]:[c](-[#17]):[c]2)-[#17]
{(+)-LIMONENE OXIDE},CC(=C)[C@@H]1CCC2(C)OC2C1,[#6]12(-[#6])-[#6](-[#8]1)-[#6]-[#6@@](-[#6]-[#6]2)-[#6](=[#6])-[#6]
{PICROTOXIN},CC(=C)[C@@H]1[C@@H]2OC(=O)[C@H]1[C@]3(O)C[C@H]4O[C@]45C(=O)O[C@H]2[C@]35C.CC(C)(O)[C@@H]6[C@@H]7OC(=O)[C@H]6[C@]8(O)C[C@H]9O[C@]9%10C(=O)O[C@H]7[C@]8%10C,[#6@]1(-[#6](=[#8])-[#8]2)(-[#6@@]3(-[#8]1)-[#1])-[#6@](-[#6])(-[#6@]2(-[#6@](-[#8]4)(-[#1])-[#6@@](-[#6](-[#8])(-[#6])-[#6])-[#6@]5(-[#6]4=[#8])-[#1])-[#1])-[#6@]5(-[#6]3)-[#8]
{OXYPEUCEDANIN},CC1(C)O[C@H]1COC2=CCOc3cc4OC(=O)Cc4cc23,[c]12:[c](-[#8]-[#6]-[#6]=[#6]1-[#8]-[#6]-[#6@]3(-[#1])-[#8]-[#6]3(-[#6])-[#6]):[c]:[c](:[c]4:[c]2)-[#8]-[#6](=[#8])-[#6]4
"{(R)-(+)-2,3,4,5,6-PENTAFLUOROSTYRENE OXIDE}",Fc1c(F)c(F)c([C@@H]2CO2)c(F)c1F,[c]1(:[c](-[#9]):[c](:[c](-[#9]):[c](-[#9]):[c]1-[#9])-[#9])-[#6@@]2(-[#1])-[#8]-[#6]2
{CERULENIN},C\C=C\C\C=C\CCC(=O)[C@H]1O[C@H]1C(=O)N,[#6@]1(-[#6](=[#8])-[#6]-[#6]\-[#6]=[#6]\-[#6]\-[#6]=[#6]\-[#6])-[#8]-[#6@]1-[#6](=[#8])-[#7]
{EPOFENONANE},CCC(CCOc1ccc(CC)cc1)CCC2OC2(C)CC,[#6]1(-[#6]-[#6]-[#6](-[#6]-[#6])-[#6]-[#6]-[#8]-[c]2:[c]:[c]:[c](-[#6]-[#6]):[c]:[c]2)-[#8]-[#6]1(-[#6])-[#6]-[#6]
{ISOPHORONE OXIDE},CC1(C)CC(=O)C2OC2(C)C1,[#6]12(-[#6])-[#6](-[#8]1)-[#6](=[#8])-[#6]-[#6](-[#6])(-[#6])-[#6]2
{ALLOOCIMENE DIOXIDE},CC1OC1(C)\C=C\C2OC2(C)C,[#6]1(-[#6])(\-[#6]=[#6]\-[#6]2-[#8]-[#6]2(-[#6])-[#6])-[#8]-[#6]1-[#6]
"{1,2-EPOXY-5-CYCLOOCTENE}",C1CC2OC2CC\C=C/1,[#6]12-[#6](-[#8]1)-[#6]-[#6]\-[#6]=[#6]/-[#6]-[#6]2
"{2,3-DI(2-PYRIDYL)OXIRANE-2-CARBOXAMIDE}",NC(=O)C1(OC1c2ccccn2)c3ccccn3,[#6]1(-[#6](=[#8])-[#7])(-[c]2:[n]:[c]:[c]:[c]:[c]2)-[#8]-[#6]1-[c]3:[n]:[c]:[c]:[c]:[c]3
"{ETHYL 5-HYDROXY-6,8-DI(OXIRAN-2-YLMETHYL)-4-OXO-4H-CHROMENE-2-CARBOXYLATE}",CCOC(=O)C1=CC(=O)c2c(O)c(CC3CO3)cc(CC4CO4)c2O1,[c]12:[c](-[#6](=[#8])-[#6]=[#6](-[#6](=[#8])-[#8]-[#6]-[#6])-[#8]1):[c](:[c](-[#6]-[#6]3-[#8]-[#6]3):[c]:[c]2-[#6]-[#6]4-[#8]-[#6]4)-[#8]
{8-METHOXY-5-(OXIRAN-2-YLMETHOXY)-2-PROPYL-4H-CHROMEN-4-ONE},CCCC1=CC(=O)c2c(OCC3CO3)ccc(OC)c2O1,[c]12:[c](-[#6](=[#8])-[#6]=[#6](-[#6]-[#6]-[#6])-[#8]1):[c](-[#8]-[#6]-[#6]3-[#8]-[#6]3):[c]:[c]:[c]2-[#8]-[#6]
"{3,3-DIPHENYLOXIRANE-2-CARBONITRILE}",N#CC1OC1(c2ccccc2)c3ccccc3,[#6]1(-[#8]-[#6]1-[#6]#[#7])(-[c]2:[c]:[c]:[c]:[c]:[c]2)-[c]3:[c]:[c]:[c]:[c]:[c]3
"{3,3-DIMETHYL-OXIRANE-2-CARBONITRILE}",CC1(C)OC1C#N,[#6]1(-[#6])(-[#6])-[#8]-[#6]1-[#6]#[#7]
{[2-(METHOXYMETHOXY)PHENYL][3-(4-NITROPHENYL)OXIRAN-2-YL]METHANONE},COCOc1ccccc1C(=O)C2OC2c3ccc(cc3)[N+](=O)[O-],[#6]1(-[#8]-[#6]1-[#6](=[#8])-[c]2:[c]:[c]:[c]:[c]:[c]2-[#8]-[#6]-[#8]-[#6])-[c]3:[c]:[c]:[c](-[#7+](-[#8-])=[#8]):[c]:[c]3
{ETHYL 3-ISOPROPYL-3-METHYLOXIRANE-2-CARBOXYLATE},CCOC(=O)C1OC1(C)C(C)C,[#6]1(-[#6])(-[#6](-[#6])-[#6])-[#8]-[#6]1-[#6](=[#8])-[#8]-[#6]-[#6]
{1-(2-OXIRANYLMETHYL)-2-PYRROLIDINONE},O=C1CCCN1CC2CO2,[#7]1(-[#6]-[#6]-[#6]-[#6]1=[#8])-[#6]-[#6]2-[#8]-[#6]2
"{2-(2,6-DICHLOROPHENYL)-7-METHYL-5-PHENYL-1-OXA-5,6-DIAZASPIRO[2.4]HEPT-6-EN-4-ONE}",CC1=NN(C(=O)C12OC2c3c(Cl)cccc3Cl)c4ccccc4,[#6]12(-[#6](-[#6])=[#7]-[#7](-[c]3:[c]:[c]:[c]:[c]:[c]3)-[#6]1=[#8])-[#8]-[#6]2-[c]4:[c](-[#17]):[c]:[c]:[c]:[c]4-[#17]
{E-64C},CC(C)CCNC(=O)[C@H](CC(C)C)NC(=O)[C@H]1O[C@@H]1C(=O)O,[#6@]1(-[#6](=[#8])-[#7]-[#6@@](-[#6]-[#6](-[#6])-[#6])-[#6](=[#8])-[#7]-[#6]-[#6]-[#6](-[#6])-[#6])-[#8]-[#6@@]1-[#6](=[#8])-[#8]
{CIS-9:10-EPOXY-12-HYDROXY-STEARIC ACID METHYL ESTER},CCCCCCC(O)CC1OC1CCCCCCCC(=O)OC,[#6]1(-[#6]-[#6]-[#6]-[#6]-[#6]-[#6]-[#6]-[#6](=[#8])-[#8]-[#6])-[#8]-[#6]1-[#6]-[#6](-[#8])-[#6]-[#6]-[#6]-[#6]-[#6]-[#6]
{JUVENILE HORMONE III},COC(=O)\C=C(/C)\CC\C=C(/C)\CCC1OC1(C)C,[#6]1(-[#6]-[#6]\-[#6](\-[#6])=[#6]\-[#6]-[#6]\-[#6](\-[#6])=[#6]\-[#6](=[#8])-[#8]-[#6])-[#8]-[#6]1(-[#6])-[#6]
{4-TERT-BUTYLBENZOIC ACID GLYCIDYL ESTER},CC(C)(C)c1ccc(cc1)C(=O)OCC2CO2,[c]1(-[#6](=[#8])-[#8]-[#6]-[#6]2-[#8]-[#6]2):[c]:[c]:[c](-[#6](-[#6])(-[#6])-[#6]):[c]:[c]1
{HEPTAFLUOROBUTYL EPOXIDE},FC(F)(F)C(F)(F)C(F)(F)CC1CO1,[#6](-[#9])(-[#9])(-[#6](-[#9])(-[#9])-[#9])-[#6](-[#9])(-[#9])-[#6]-[#6]1-[#8]-[#6]1
"{11-OCTATRICYCLO[4,4,1,0(1,6)]UNDECA-3,8-DIENE}",C1C=CCC23CC=CCC12O3,[#6]123-[#6](-[#8]1)(-[#6]-[#6]=[#6]-[#6]2)-[#6]-[#6]=[#6]-[#6]3
{N-BENZYL-6-OXABICYCLO[3.1.0]HEXANE-3-CARBOXAMIDE},O=C(NCc1ccccc1)[C@@H]2C[C@@H]3O[C@@H]3C2,[#6@@]12-[#6@@](-[#8]1)-[#6]-[#6@@](-[#6](=[#8])-[#7]-[#6]-[c]3:[c]:[c]:[c]:[c]:[c]3)-[#6]2
{[2-(BENZYLOXY)PHENYL][3-(2-FURYL)OXIRAN-2-YL]METHANONE},O=C(C1OC1c2occc2)c3ccccc3OCc4ccccc4,[#6]1(-[c]2:[o]:[c]:[c]:[c]2)-[#8]-[#6]1-[#6](=[#8])-[c]3:[c]:[c]:[c]:[c]:[c]3-[#8]-[#6]-[c]4:[c]:[c]:[c]:[c]:[c]4
{TRILOSTANE},C[C@]12CC[C@H]3[C@@H](CC[C@@]45O[C@@H]4C(=C(C[C@]35C)C#N)O)[C@@H]1CC[C@@H]2O,[#6@]12(-[#6@](-[#1])(-[#8]1)-[#6](=[#6](-[#6]#[#7])-[#6]3)-[#8])-[#6@@]3(-[#6])-[#6@]4(-[#1])-[#6@@](-[#1])(-[#6]-[#6]2)-[#6@@]5(-[#1])-[#6@@](-[#6]-[#6]4)(-[#6])-[#6@](-[#6]-[#6]5)-[#8]
{6-(METHYLSULFONYL)-1-(OXIRAN-2-YLMETHOXY)-1H-INDOLE},CS(=O)(=O)c1ccc2ccn(OCC3CO3)c2c1,[c]12:[c](:[c]:[c]:[c](-[#16](=[#8])(=[#8])-[#6]):[c]1):[c]:[c]:[n]2-[#8]-[#6]-[#6]3-[#8]-[#6]3
{CALODENDROLIDE},CC1=CCC[C@@]2(C)[C@@H](OC(=O)[C@H]3O[C@]123)c4cocc4,[#6@@]12(-[#6@](-[#1])(-[#8]1)-[#6](-[#8]-[#6@]3-[c]4:[c]:[o]:[c]:[c]4)=[#8])-[#6@@]3(-[#6])-[#6]-[#6]-[#6]=[#6]2-[#6]
"{METHYL-2,3-ANHYDRO-4,6-O-BENZYLIDENE-ALPHA-D-MANNO-PYRANOSIDE}",CO[C@H]1O[C@@H]2COC(O[C@H]2[C@@H]3O[C@H]13)c4ccccc4,[#6@]12(-[#1])-[#6@](-[#1])(-[#8]1)-[#6@@](-[#8]-[#6])-[#8]-[#6@](-[#1])(-[#6]-[#8]-[#6](-[c]3:[c]:[c]:[c]:[c]:[c]3)-[#8]4)-[#6@]24-[#1]
"{3,6-DICHLORO-9-(OXIRAN-2-YLMETHYL)-9H-CARBAZOLE}",Clc1ccc2c(c1)c3cc(Cl)ccc3n2CC4CO4,[c]12:[c](:[c]:[c](:[c]:[c]1)-[#17]):[c](:[c]3:[n]2-[#6]-[#6]4-[#8]-[#6]4):[c]:[c](:[c]:[c]3)-[#17]
"{2,A-EPOXYTETRAL-1-ONE}",O=C1c2ccccc2CCC13CO3,[#6]12(-[#6]-[#6]-[c](:[c]:[c]:[c]:[c]3):[c]3-[#6]1=[#8])-[#8]-[#6]2
"{3-(3,4-DIMETHOXYPHENYL)-1-PERHYDRO-1-BENZOXIREN-1-YLPROP-2-EN-1-ONE}",COc1ccc(\C=C\C(=O)C23CCCCC2O3)cc1OC,[#6]12(-[#6](=[#8])\-[#6]=[#6]\-[c]3:[c]:[c]:[c](-[#8]-[#6]):[c](-[#8]-[#6]):[c]3)-[#6](-[#8]1)-[#6]-[#6]-[#6]-[#6]2
"{3-(DIMETHYLAMINO)-1-(2,3-DIMETHYLOXIRAN-2-YL)PROP-2-EN-1-ONE}",CC1OC1(C)C(=O)\C=C\N(C)C,[#6]1(-[#6])(-[#6](=[#8])\-[#6]=[#6]\-[#7](-[#6])-[#6])-[#8]-[#6]1-[#6]
"{(3,3-DIMETHYLOXIRAN-2-YL)(5-HYDROXYBENZO[B]FURAN-3-YL)METHANONE}",CC1(C)OC1C(=O)c2coc3ccc(O)cc23,[c]12:[c](:[c]:[c]:[c](-[#8]):[c]1):[o]:[c]:[c]2-[#6](=[#8])-[#6]3-[#8]-[#6]3(-[#6])-[#6]
"{4-(8,8-DICHLORO-4,6,6-TRIMETHYL-3-OXATRICYCLO[5.1.0.0(2,4)]OCT-1-YL)MORPHOLINE}",CC1(C)CC2(C)OC2C3(C1C3(Cl)Cl)N4CCOCC4,[#6]12(-[#7]3-[#6]-[#6]-[#8]-[#6]-[#6]3)-[#6](-[#6]1(-[#17])-[#17])-[#6](-[#6])(-[#6])-[#6]-[#6](-[#8]4)(-[#6])-[#6]24
"{1A,6A-DIPHENYL-1A,6A-DIHYDRO-6H-INDENO[1,2-B]OXIREN-6-ONE}",O=C1c2ccccc2C3(OC13c4ccccc4)c5ccccc5,[#6]12(-[c]3:[c]:[c]:[c]:[c]:[c]3)-[#6](-[#8]1)(-[#6](-[c](:[c]:[c]:[c]:[c]4):[c]24)=[#8])-[c]5:[c]:[c]:[c]:[c]:[c]5
"{5ALPHA-PREGNAN-16,17-EPOXY-3BETA-OL-11,20-DIONE}",CC(=O)[C@@]12O[C@@H]1C[C@H]3[C@@H]4CC[C@H]5C[C@@H](O)CC[C@]5(C)[C@H]4C(=O)C[C@]23C,[#6@]12(-[#6](=[#8])-[#6])-[#6@](-[#1])(-[#8]1)-[#6]-[#6@@](-[#1])(-[#6@@]3(-[#1])-[#6@](-[#1])(-[#6](=[#8])-[#6]4)-[#6@]5(-[#6])-[#6@@](-[#1])(-[#6]-[#6]3)-[#6]-[#6@](-[#6]-[#6]5)-[#8])-[#6@@]24-[#6]
"{16,5ALPHA-ANDROSTEN-2ALPHA,3ALPHA-EPOXY-17-OL-17-ACETATE}",CC(=O)OC1=CC[C@H]2[C@@H]3CC[C@H]4C[C@@H]5O[C@@H]5C[C@]4(C)[C@H]3CC[C@]12C,[#6@]12(-[#6])-[#6@@](-[#1])(-[#6]-[#6]-[#6@@](-[#1])(-[#6@@]3(-[#1])-[#6@@](-[#6]-[#6]4)(-[#6])-[#6](=[#6]-[#6]3)-[#8]-[#6](=[#8])-[#6])-[#6@@]14-[#1])-[#6]-[#6@](-[#1])(-[#8]5)-[#6@@]5(-[#1])-[#6]2
{LAPIFERINE},C\C=C/C(=O)O[C@@H]1C[C@@H]2O[C@@H]2[C@H](O)[C@]3(C)CC[C@](O)(C(C)C)[C@@]13C,[#6@]12(-[#6])-[#6@@](-[#6])(-[#6]-[#6]-[#6@]1(-[#8])-[#6](-[#6])-[#6])-[#6@@](-[#8])-[#6@]3(-[#1])-[#6@@](-[#1])(-[#8]3)-[#6]-[#6@]2-[#8]-[#6](=[#8])\-[#6]=[#6]/-[#6]
{AKOS 211-03},CC1(C)OC1COc2c3C=CC(=O)Oc3cc4occc24,[c]1(-[#8]-[#6]-[#6]2-[#8]-[#6]2(-[#6])-[#6]):[c]3:[c](:[c]:[c](-[#8]-[#6](-[#6]=[#6]4)=[#8]):[c]14):[o]:[c]:[c]3
{AURORA KA-735},O=C1NCCOC12OC2c3ccccc3,[#6]12(-[#8]-[#6]-[#6]-[#7]-[#6]1=[#8])-[#8]-[#6]2-[c]3:[c]:[c]:[c]:[c]:[c]3
"{1-(2,3-EPOXYPROPYL)-4-(5-(4-METHOXYPHENYL)OXAZOL-2-YL)PYRIDINIUM TRIFLUOROMETHANESULFONATE}",COc1ccc(cc1)c2oc(nc2)c3cc[n+](CC4CO4)cc3.[O-]S(=O)(=O)C(F)(F)F,[c](:[n]1)(:[o]:[c](:[c]1)-[c]2:[c]:[c]:[c](-[#8]-[#6]):[c]:[c]2)-[c](:[c]:[c]:[n+](-[#6]-[#6]3-[#8]-[#6]3):[c]4):[c]4
{GLYCIDAMIDE},NC(=O)C1CO1,[#6]1(-[#8]-[#6]1)-[#6](=[#8])-[#7]
{EPOXY METHACRYLATE},CC1(CO1)C(=O)O,[#6]1(-[#6])(-[#8]-[#6]1)-[#6](=[#8])-[#8]
"{2-PHENYL-2-(3-PHENYLOXIRAN-2-YL)-2,3-DIHYDRO-1,3-BENZOTHIAZOLE}",N1c2ccccc2SC1(C3OC3c4ccccc4)c5ccccc5,[#6]1(-[#16]-[c](:[c]2-[#7]1):[c]:[c]:[c]:[c]2)(-[c]3:[c]:[c]:[c]:[c]:[c]3)-[#6]4-[#8]-[#6]4-[c]5:[c]:[c]:[c]:[c]:[c]5
{AROMADENDRENE OXIDE 2},C[C@@H]1CC[C@@H]2[C@@H]1[C@H]3[C@@H](CC[C@@]24CO4)C3(C)C,[#6@]12(-[#6]-[#6]-[#6@@](-[#1])(-[#6]3(-[#6])-[#6])-[#6@]3(-[#1])-[#6@](-[#1])(-[#6@@](-[#6]-[#6]4)-[#6])-[#6@]14-[#1])-[#8]-[#6]2
"{4,10B-DIMETHYL-4,5-EPOXYOCTAL-3-ONE}",C[C@]12CCCCC13OC3(C)C(=O)C=C2,[#6]12(-[#6@@](-[#6])(-[#6]=[#6]-[#6]3=[#8])-[#6]-[#6]-[#6]-[#6]1)-[#6]3(-[#8]2)-[#6]
{CYCLOHEXYL GLYCIDATE},O=C(OC1CCCCC1)C2CO2,[#6]1(-[#8]-[#6]1)-[#6](=[#8])-[#8]-[#6]2-[#6]-[#6]-[#6]-[#6]-[#6]2
{ETHYL-P-CUMINYL GLYCIDATE},CCOC(=O)C1OC1Cc2ccc(cc2)C(C)C,[#6]1(-[#6](=[#8])-[#8]-[#6]-[#6])-[#8]-[#6]1-[#6]-[c]2:[c]:[c]:[c](-[#6](-[#6])-[#6]):[c]:[c]2
"{3,4-METHYLENEDIOXYPHENYLGLYCIDIC ESTER}",O=C(Oc1ccc2OCOc2c1)C3CO3,[c]12:[c](-[#8]-[#6]-[#8]1):[c]:[c]:[c](-[#8]-[#6](=[#8])-[#6]3-[#8]-[#6]3):[c]2
"{2,3-EPOXY-1,2,3,4-TETRAHYDROANTHRACENE}",C1C2OC2Cc3cc4ccccc4cc13,[#6]12-[#6](-[#8]1)-[#6]-[c](:[c]3-[#6]2):[c]:[c](:[c]4:[c]3):[c]:[c]:[c]:[c]4
"{6A-METHYL-5A,6,6A,7,8,9,9A,9B,10,11-DECAHYDROCYCLOPENTA[7,8]PHENANTHRO[4B,5-B]OXIRENE-2,7-DIOL}",CC12C[C@H]3O[C@@]34C(CCc5cc(O)ccc45)C1CCC2O,[#6@]12(-[#6@](-[#8]1)-[#6]-[#6](-[#6])(-[#6](-[#6]-[#6]3)-[#8])-[#6]34)-[#6]4-[#6]-[#6]-[c](:[c]:[c](:[c]:[c]5)-[#8]):[c]25
{ETOMOXIR},CCOC(=O)C1(CCCCCCOc2ccc(Cl)cc2)CO1,[#6]1(-[#6]-[#6]-[#6]-[#6]-[#6]-[#6]-[#8]-[c]2:[c]:[c]:[c](-[#17]):[c]:[c]2)(-[#6](=[#8])-[#8]-[#6]-[#6])-[#8]-[#6]1
{OXANAMIDE},CCCC1OC1(CC)C(=O)N,[#6]1(-[#6]-[#6])(-[#6](=[#8])-[#7])-[#8]-[#6]1-[#6]-[#6]-[#6]
{CLOMOXIR},OC(=O)C1(CCCCCc2ccc(Cl)cc2)CO1,[#6]1(-[#6](=[#8])-[#8])(-[#6]-[#6]-[#6]-[#6]-[#6]-[c]2:[c]:[c]:[c](-[#17]):[c]:[c]2)-[#8]-[#6]1
{AKOS 92843},CC(=O)C12CCC(CC1O2)(c3ccccc3)c4ccccc4,[#6]1(-[#6]-[#6]-[#6](-[#8]2)(-[#6](=[#8])-[#6])-[#6]2-[#6]1)(-[c]3:[c]:[c]:[c]:[c]:[c]3)-[c]4:[c]:[c]:[c]:[c]:[c]4
{3-GLYCIDOXYPROPYLTRIETHOXYSILANE},CCO[Si](CCCOCC1CO1)(OCC)OCC,[#14](-[#8]-[#6]-[#6])(-[#8]-[#6]-[#6])(-[#8]-[#6]-[#6])-[#6]-[#6]-[#6]-[#8]-[#6]-[#6]1-[#8]-[#6]1
"{4-[4-(OXIRAN-2-YLMETHOXY)PHENYL]-1,2,3-THIADIAZOLE}",C(Oc1ccc(cc1)c2csnn2)C3CO3,[c]1(:[c]:[c]:[c](-[#8]-[#6]-[#6]2-[#8]-[#6]2):[c]:[c]1)-[c]3:[n]:[n]:[s]:[c]3
{4-OXIRAN-2-YLBENZONITRILE},N#Cc1ccc(cc1)C2CO2,[c]1(:[c]:[c]:[c](-[#6]#[#7]):[c]:[c]1)-[#6]2-[#8]-[#6]2
{AURORA KA-6855},[I-].C[N+](C)(C)CC1CO1,[#7+](-[#6])(-[#6])(-[#6])-[#6]-[#6]1-[#8]-[#6]1
{TUTIN},CC(=C)[C@H]1[C@@H]2OC(=O)[C@H]1[C@]3(O)[C@H]4O[C@H]4[C@]5(CO5)[C@]3(C)[C@@H]2O,[#6@@]12(-[#8]-[#6]1)-[#6@@]3(-[#1])-[#6@](-[#1])(-[#8]3)-[#6@@](-[#8])(-[#6@@]4(-[#1])-[#6@](-[#6@](-[#1])(-[#8]-[#6]4=[#8])-[#6@]5-[#8])-[#6](=[#6])-[#6])-[#6@]25-[#6]
{(-)-TERREIC ACID},CC1=C(O)C(=O)[C@@H]2O[C@@H]2C1=O,[#6@@]12(-[#1])-[#6@@](-[#1])(-[#8]1)-[#6](=[#8])-[#6](=[#6](-[#6])-[#6]2=[#8])-[#8]
"{5,5-DIMETHYL-3-[2-(OXIRANYLMETHOXY)PROPYL]-1-(OXIRANYLMETHYL)IMIDAZOLIDINE-2,4-DIONE}",CC(CN1C(=O)N(CC2CO2)C(C)(C)C1=O)OCC3CO3,[#7]1(-[#6]-[#6]2-[#8]-[#6]2)-[#6](-[#6])(-[#6])-[#6](-[#7](-[#6]-[#6](-[#6])-[#8]-[#6]-[#6]3-[#8]-[#6]3)-[#6]1=[#8])=[#8]
"{8-METHYL-3-(OXIRAN-2-YLMETHYL)-1,3-DIAZASPIRO[4.5]DECANE-2,4-DIONE}",CC1CCC2(CC1)NC(=O)N(CC3CO3)C2=O,[#6]12(-[#6]-[#6]-[#6](-[#6])-[#6]-[#6]1)-[#7]-[#6](-[#7](-[#6]-[#6]3-[#8]-[#6]3)-[#6]2=[#8])=[#8]
{STILBERICOSIDE},OC[C@H]1O[C@@H](O[C@@H]2OC=C[C@@]3(O)[C@H](O)[C@@H]4O[C@@H]4[C@@H]23)[C@H](O)[C@@H](O)[C@@H]1O,[#6@@]12(-[#1])-[#6@@](-[#8])(-[#6]=[#6]-[#8]-[#6@]1-[#8]-[#6@]3-[#6@](-[#8])-[#6@](-[#6@](-[#8])-[#6@@](-[#6]-[#8])-[#8]3)-[#8])-[#6@@](-[#6@](-[#1])(-[#8]4)-[#6@@]24-[#1])-[#8]
"{[3AS-(3AALPHA,5ABETA,6ABETA,6BALPHA)]-4-BROMO-3A,5A,6A,6B-TETRAHYDRO-2,2-DIMETHYLOXIRENO[E]-1,3-BENZODIOXOLE}",CC1(C)O[C@H]2[C@@H]3O[C@@H]3C=C(Br)[C@H]2O1,[#6]1(-[#6])(-[#6])-[#8]-[#6@@](-[#1])(-[#6@@]2(-[#1])-[#8]1)-[#6](-[#35])=[#6]-[#6@@](-[#1])(-[#8]3)-[#6@]23-[#1]
"{8-CHLORO-1,3-DIMETHYL-7-(OXIRAN-2-YLMETHYL)-3,7-DIHYDRO-1H-PURINE-2,6-DIONE}",CN1C(=O)N(C)c2nc(Cl)n(CC3CO3)c2C1=O,[c]12:[c](-[#7](-[#6])-[#6](-[#7](-[#6])-[#6]1=[#8])=[#8]):[n]:[c](-[#17]):[n]2-[#6]-[#6]3-[#8]-[#6]3
{ASPERLIN},C[C@@H]1O[C@H]1[C@H]2OC(=O)C=C[C@@H]2OC(=O)C,[#6@]1(-[#1])(-[#8]-[#6](-[#6]=[#6]-[#6@@]1-[#8]-[#6](=[#8])-[#6])=[#8])-[#6@]2(-[#1])-[#8]-[#6@@]2(-[#1])-[#6]
{ABIKOVIROMYCIN},C\C=C\1/C=CC2=NCCC3OC123,[#6]1(\-[#6](=[#6]\-[#6])\-[#6]=[#6]2)(-[#6]2=[#7]-[#6]-[#6]3)-[#6]3-[#8]1
"{5-HYDROXY-5,6-DIPHENYL-2,7-DIOXABICYCLO[4.1.0]HEPTAN-3-ONE}",OC1(CC(=O)OC2OC12c3ccccc3)c4ccccc4,[#6]12(-[c]3:[c]:[c]:[c]:[c]:[c]3)-[#6](-[#8]1)-[#8]-[#6](-[#6]-[#6]2(-[#8])-[c]4:[c]:[c]:[c]:[c]:[c]4)=[#8]
"{1-([2-(2,4-DIFLUOROPHENYL)OXIRAN-2-YL]METHYL)-1H-1,2,4-TRIAZOLE}",Fc1ccc(c(F)c1)C2(Cn3cncn3)CO2,[#6]1(-[#8]-[#6]1)(-[#6]-[n]2:[n]:[c]:[n]:[c]2)-[c]3:[c]:[c]:[c](-[#9]):[c]:[c]3-[#9]
{2-(2-FLUOROBENZYL)-3-(EPOXYMETHYL)QUINULIDINE},Fc1ccccc1CC2N3CCC(CC3)C24CO4,[#6]12(-[#8]-[#6]1)-[#6]3-[#6]-[#6]-[#7](-[#6]-[#6]3)-[#6]2-[#6]-[c]4:[c]:[c]:[c]:[c]:[c]4-[#9]
{2-[(2-FLUOROPHENYL)(EPOXY)METHYL]-3-OXO-1-AZANIABICYCLO[2.2.2]OCTANE N-OXIDE},[O-][N+]12CCC(CC1)C(=O)C23OC3c4ccccc4F,[#6]12(-[#6](=[#8])-[#6](-[#6]-[#6]-[#7+]13-[#8-])-[#6]-[#6]3)-[#8]-[#6]2-[c]4:[c]:[c]:[c]:[c]:[c]4-[#9]
{AURORA KA-1448},CCCOP(=O)(OCCC)C1CO1,[#15](=[#8])(-[#8]-[#6]-[#6]-[#6])(-[#8]-[#6]-[#6]-[#6])-[#6]1-[#8]-[#6]1
{AURORA KA-1716},CCOP1(=O)CC2OC2(C)C1,[#6]12(-[#6])-[#6](-[#8]1)-[#6]-[#15](=[#8])(-[#8]-[#6]-[#6])-[#6]2
{AURORA KA-460},CC(OC(=O)C)[C@@]12CC3C(C[C@]1(C)O2)C3(C)C,[#6@@]12(-[#6](-[#6])-[#8]-[#6](=[#8])-[#6])-[#6@](-[#8]1)(-[#6])-[#6]-[#6](-[#6]3(-[#6])-[#6])-[#6]3-[#6]2
{2-[(3-PHENYL-2-OXIRANYL)CARBONYL]-1-PYRIDINIUMOLATE},[O-][n+]1ccccc1C(=O)C2OC2c3ccccc3,[#6]1(-[c]2:[c]:[c]:[c]:[c]:[c]2)-[#8]-[#6]1-[#6](=[#8])-[c]3:[c]:[c]:[c]:[c]:[n+]3-[#8-]
"{(S)-4-TOSYLOXY-1,2-EPOXYBUTANE}",Cc1ccc(cc1)S(=O)(=O)OCC[C@H]2CO2,[c]1(:[c]:[c]:[c](-[#6]):[c]:[c]1)-[#16](=[#8])(=[#8])-[#8]-[#6]-[#6]-[#6@@]2-[#8]-[#6]2
{2-(1-ADAMANTYL)OXIRANE},C1OC1[C@@]23C[C@@H]4C[C@@H](C[C@@H](C4)C2)C3,[#6@@]12(-[#6]-[#6@](-[#1])(-[#6]-[#6@@](-[#1])(-[#6]3)-[#6]1)-[#6]-[#6@@]3(-[#1])-[#6]2)-[#6]4-[#8]-[#6]4
{AURORA KA-2972},O=C1OCCC12OC2c3ccccc3,[#6]12(-[#6]-[#6]-[#8]-[#6]1=[#8])-[#8]-[#6]2-[c]3:[c]:[c]:[c]:[c]:[c]3
{AURORA KA-2975},CCOC(OCC)C1(Cl)OC1c2ccccc2,[#6]1(-[c]2:[c]:[c]:[c]:[c]:[c]2)-[#8]-[#6]1(-[#17])-[#6](-[#8]-[#6]-[#6])-[#8]-[#6]-[#6]
{3-TERT-BUTOXYCARBONYLAMINO-6-OXA-BICYCLO[3.1.0]HEXANE-3-CARBOXYLIC ACID},CC(C)(C)OC(=O)NC1(CC2OC2C1)C(=O)O,[#6]1(-[#6](=[#8])-[#8])(-[#7]-[#6](=[#8])-[#8]-[#6](-[#6])(-[#6])-[#6])-[#6]-[#6](-[#8]2)-[#6]2-[#6]1
"{(S,S,S)-TRIGLYCIDYL ISOCYANURATE}",C(Oc1nc(OC[C@@H]2CO2)nc(OC[C@@H]3CO3)n1)[C@@H]4CO4,[c]1(:[n]:[c](:[n]:[c](-[#8]-[#6]-[#6@]2-[#8]-[#6]2):[n]1)-[#8]-[#6]-[#6@]3-[#8]-[#6]3)-[#8]-[#6]-[#6@]4-[#8]-[#6]4
"{1-OXIRANYLMETHOXYMETHYL-4-P-TOLYL-10-OXA-4-AZA-TRICYCLO[5.2.1.0(2,6)]DEC-8-ENE-3,5-DIONE}",Cc1ccc(cc1)N2C(=O)C3C4OC(COCC5CO5)(C=C4)C3C2=O,[#6]12(-[#6]-[#8]-[#6]-[#6]3-[#8]-[#6]3)-[#8]-[#6](-[#6]=[#6]1)-[#6](-[#6](-[#7](-[c]4:[c]:[c]:[c](-[#6]):[c]:[c]4)-[#6]5=[#8])=[#8])-[#6]25
{SALOR-INT L163678-1EA},Cc1noc2CCC3OC3CCc12,[#6]12-[#6](-[#8]1)-[#6]-[#6]-[c](:[c]3-[#6]-[#6]2):[c](:[n]:[o]3)-[#6]
{FUMAGILLOL},CO[C@@H]1[C@H](O)CC[C@]2(CO2)[C@H]1[C@@]3(C)O[C@@H]3CC=C(C)C,[#6@]1(-[#1])(-[#6@](-[#8]-[#6])-[#6@@](-[#6]-[#6]-[#6@@]12-[#8]-[#6]2)-[#8])-[#6@@]3(-[#6])-[#8]-[#6@@]3-[#6]\-[#6]=[#6](/-[#6])\-[#6]
{SPECS 641/25119001},C[C@]12CCC3C(CCC4CC(=O)[C@@H]5O[C@@H]5[C@]34C)C1CCC2=O,[#6@@]12(-[#6])-[#6](-[#6]-[#6](=[#8])-[#6@](-[#8]3)-[#6@@]13)-[#6]-[#6]-[#6](-[#6]4-[#6@@](-[#6]-[#6]5)(-[#6])-[#6](-[#6]-[#6]4)=[#8])-[#6]25
{SPECS 564/25118001},NN1C(=O)C2C3C4CC4C(C5OC35)C2C1=O,[#6]12-[#6]3-[#6](-[#6](-[#7](-[#7])-[#6]3=[#8])=[#8])-[#6](-[#6](-[#8]4)-[#6]14)-[#6](-[#6]5)-[#6]25
"{5,6-EPOXY-5,6-DIHYDRO-[1,10]PHENANTHROLINE}",C1C=C=NC2=C1C3OC3c4cccnc24,[#6]12-[#6](-[#8]1)-[#6]3=[#6](-[c](:[n]:[c]:[c]:[c]4):[c]24)-[#7]=[#6]=[#6]-[#6]3
{2-DIAZO-1-(1-OXASPIRO[2.5]OCT-2-YL)ETHANONE},[N-]=[N+]=CC(=O)C1OC12CCCCC2,[#8]1-[#6]2(-[#6]1-[#6](=[#8])-[#6]=[#7+]=[#7-])-[#6]-[#6]-[#6]-[#6]-[#6]2
{SALOR-INT L299340-1EA},COC(=O)c1cc2oc3ccccc3c2n1CC4CO4,[o]1:[c](:[c]:[c](-[#6](=[#8])-[#8]-[#6]):[n]2-[#6]-[#6]3-[#6]-[#8]3):[c]2:[c](:[c]:[c]:[c]:[c]4):[c]14
{SPECS 131/42302878},[Na+].CC1(C)OC1(C(=O)[O-])c2ccccc2,[#6]1(-[c]2:[c]:[c]:[c]:[c]:[c]2)(-[#6](=[#8])-[#8-])-[#6](-[#8]1)(-[#6])-[#6]
{SPECS 131/42300876},CCC(=O)C12[C@@H]3C[C@@H](C=C3)C1C(=O)C4OC24,[#6]12(-[#6](-[#6]-[#6])=[#8])-[#6](-[#6@](-[#1])(-[#6]=[#6]3)-[#6]-[#6@@]13-[#1])-[#6](-[#6](-[#6]24)-[#8]4)=[#8]
"{7,7-DIMETHYL-1,5-DIOXASPIRO[2.4]HEPTAN-4-ONE}",CC1(C)COC(=O)C12CO2,[#6]12(-[#6](-[#6])(-[#6])-[#6]-[#8]-[#6]1=[#8])-[#6]-[#8]2
{2-([(2-METHYLPHENYL)(PHENYL)METHOXY]METHYL)OXIRANE},Cc1ccccc1C(OCC2CO2)c3ccccc3,[#8]1-[#6]-[#6]1-[#6]-[#8]-[#6](-[c]2:[c]:[c]:[c]:[c]:[c]2)-[c]3:[c]:[c]:[c]:[c]:[c]3-[#6]
{AURORA KA-6114},CCC1=C(OCC2CO2)c3ccccc3NC1=O,[#6]1(-[#6]-[#6])=[#6](-[#8]-[#6]-[#6]2-[#6]-[#8]2)-[c]3:[c](:[c]:[c]:[c]:[c]3)-[#7]-[#6]1=[#8]
{2-[(THIEN-2-YLMETHOXY)METHYL]OXIRANE},C(OCc1cccs1)C2CO2,[#8]1-[#6]-[#6]1-[#6]-[#8]-[#6]-[c]2:[c]:[c]:[c]:[s]2
{2-[(4-CHLORO-2-ISOPROPYL-5-METHYLPHENOXY)METHYL]OXIRANE},CC(C)c1cc(Cl)c(C)cc1OCC2CO2,[#8]1-[#6]-[#6]1-[#6]-[#8]-[c]2:[c]:[c](-[#6]):[c](:[c]:[c]2-[#6](-[#6])-[#6])-[#17]
"{[1(S)-METHYL-2(S),3-EPOXYPROPYL]-CARBAMIC ACID TERT-BUTYL ESTER}",C[C@H](NC(=O)OC(C)(C)C)[C@H]1CO1,[#8]1-[#6]-[#6@]1(-[#1])-[#6@](-[#6])-[#7]-[#6](=[#8])-[#8]-[#6](-[#6])(-[#6])-[#6]
{IBSCREEN-BB BB_NC-0625},COC1=CC2=CC[C@@H]3C(CC[C@@]4(C)C3CC[C@@]45CO5)[C@@]2(C)CC1,[#6@@]1(-[#6])(-[#6]-[#6]2)-[#6](-[#6]-[#6]-[#6@@]13-[#6]-[#8]3)-[#6@](-[#6]24)(-[#1])-[#6]-[#6]=[#6]5-[#6@]4(-[#6])-[#6]-[#6]-[#6](=[#6]5)-[#8]-[#6]
{N-BOC-NORTROPINONE EPOXIDE},CC(C)(C)OC(=O)N1[C@@H]2CC(=O)C[C@H]1C3OC23,[#6]1(-[#6@](-[#1])(-[#6]-[#6](-[#6]2)=[#8])-[#7](-[#6@]23-[#1])-[#6](=[#8])-[#8]-[#6](-[#6])(-[#6])-[#6])-[#6]3-[#8]1
"{EPICHLOROHYDRIN-1,1-D2}",[2H]C([2H])(Cl)C1CO1,[#6]1(-[#6]-[#8]1)-[#6](-[#17])(-[2#1])-[2#1]
"{1,6:3,4-DIANHYDRO-B-D-ALTROPYRANOSE}",O[C@@H]1[C@@H]2OC[C@@H](O2)[C@H]3O[C@@H]13,[#6@]12(-[#1])-[#6@@](-[#8]1)(-[#1])-[#6@@](-[#8]-[#6@]3(-[#1])-[#6@]2-[#8])(-[#1])-[#6]-[#8]3
{GLYCIDALDEHYDE DIETHYL ACETAL},CCOC(OCC)C1CO1,[#6](-[#8]-[#6]-[#6])(-[#8]-[#6]-[#6])-[#6]1-[#8]-[#6]1
"{(3R,4R,6S)-6-CHLOROMETHYL-3,4-EPOXY-TETRAHYDROPYRAN-2-ONE}",ClC[C@@H]1C[C@H]2O[C@H]2C(=O)O1,[#6@]12(-[#1])-[#6@@](-[#8]1)(-[#1])-[#6]-[#6@@](-[#6]-[#17])-[#8]-[#6]2=[#8]
{CIS-2-BENZOYL-3-(TRIFLUOROMETHYL)OXIRANE},FC(F)(F)[C@H]1O[C@H]1C(=O)c2ccccc2,[#6@]1(-[#6](-[#9])(-[#9])-[#9])-[#8]-[#6@]1-[#6](-[c]2:[c]:[c]:[c]:[c]:[c]2)=[#8]
"{2,2-BIS(TRIFLUOROMETHYL)OXIRANE}",FC(F)(F)C1(CO1)C(F)(F)F,[#6]1(-[#6]-[#8]1)(-[#6](-[#9])(-[#9])-[#9])-[#6](-[#9])(-[#9])-[#9]
"{4-(1,3,3-TRIMETHYL-7-OXABICYCLO[4.1.0]HEPT-2-YL)-3-BUTEN-2-ONE}",CC(=O)\C=C\C1C(C)(C)CCC2OC12C,[#6]12(-[#6])-[#6](-[#8]1)-[#6]-[#6]-[#6](-[#6])(-[#6])-[#6]2\-[#6]=[#6]\-[#6](-[#6])=[#8]
"{3-(2-NAPHTHYLOXY)-1,2-EPOXYPROPYLENE}",C1O/C/1=C/Oc2ccc3ccccc3c2,[#6](=[#6]/-[#8]-[c](:[c]:[c]:[c](:[c]12):[c]:[c]:[c]:[c]1):[c]2)(/-[#6]3)\-[#8]3
"{(1S,5R,6S)-ETHYL 5-(PENTAN-3-YL-OXY)-7-OXA-BICYCLO[4.1.0]HEPT-3-ENE-3-CARBOXYLATE}",CCOC(=O)C1=C[C@@H](OC(CC)CC)[C@H]2O[C@H]2C1,[#8]1-[#6@@](-[#6@]12-[#1])(-[#1])-[#6]-[#6](=[#6]-[#6@]2-[#8]-[#6](-[#6]-[#6])-[#6]-[#6])-[#6](-[#8]-[#6]-[#6])=[#8]
{PHOMENONE},C[C@H]1[C@H](O)CCC2=CC(=O)[C@@]3(O[C@@H]3[C@]12C)C(=C)CO,[#6@@]1(-[#6](-[#6]-[#8])=[#6])(-[#6](=[#8])-[#6]=[#6](-[#6@@]23-[#6])-[#6]-[#6]-[#6@@](-[#8])-[#6@@]2-[#6])-[#6@@]3(-[#8]1)-[#1]
{RARECHEM AN KD 0585},Cl.NC(CO)Cc1cccc(OCC2CO2)c1,[c](:[c]:[c]:[c]:[c]1-[#6]-[#6](-[#7])-[#6]-[#8])(-[#8]-[#6]-[#6]2-[#8]-[#6]2):[c]1
{PHOSPHOMYCIN CALCIUM SALT MONOHYDRATE},O.[Ca+2].C[C@H]1O[C@H]1P(=O)([O-])[O-],[#15](-[#6@@]1-[#8]-[#6@@]1-[#6])(-[#8-])(-[#8-])=[#8]
{N-[4-CYANO-3-(TRIFLUOROMETHYL)PHENYL]METHACRYLAMIDE EPOXIDE},CC1(CO1)C(=O)Nc2ccc(C#N)c(c2)C(F)(F)F,[#6]1(-[#6])(-[#6]-[#8]1)-[#6](=[#8])-[#7]-[c](:[c]:[c]:[c](:[c]2-[#6](-[#9])(-[#9])-[#9])-[#6]#[#7]):[c]2
{DOEDERLEINIC ACID},O[C@H]1C=C(C[C@H]2O[C@@H]12)C(=O)O,[#8]1-[#6@](-[#6@]1(-[#1])-[#6@@](-[#8])-[#6]=[#6]2-[#6](-[#8])=[#8])(-[#1])-[#6]2
"{1,4-BIS(EPOXYPROPYL)OCTAFLUOROBUTANE}",CC1OC1C(F)(F)C(F)(F)C(F)(F)C(F)(F)C2OC2C,[#6](-[#9])(-[#9])(-[#6](-[#9])(-[#9])-[#6]1-[#6](-[#8]1)-[#6])-[#6](-[#9])(-[#9])-[#6](-[#9])(-[#9])-[#6]2-[#6](-[#8]2)-[#6]
"{(2,3,4,8B-TETRAHYDRO-1AH-1-OXA-BENZO[A]CYCLOPROPA[C]CYCLOHEPTEN-6-YL)-CARBAMIC ACID BENZYL ESTER}",O=C(Nc1ccc2C3OC3CCCc2c1)OCc4ccccc4,[c](:[c]:[c]1)(:[c](-[#6]2):[c]:[c]1-[#7]-[#6](=[#8])-[#8]-[#6]-[c](:[c]:[c]3):[c]:[c]:[c]3)-[#6](-[#8]4)-[#6]4-[#6]-[#6]2
{1-OXASPIRO[2.5]OCTANE-2-CARBOXYLIC ACID},OC(=O)C1OC12CCCCC2,[#8](-[#6]1(-[#6]2)-[#6]-[#6]-[#6]-[#6]2)-[#6]1-[#6](=[#8])-[#8]
{2-[(ETHYNYLOXY)METHYL]OXIRANE},C#COCC1CO1,[#6]#[#6]-[#8]-[#6]-[#6]1-[#8]-[#6]1
"{OXIRANE-(2S,3S)-DICARBOXYLIC ACID MONOMETHYL ESTER}",COC(=O)[C@H]1O[C@@H]1C(=O)O,[#6@]1(-[#6](-[#8])=[#8])-[#8]-[#6@@]1-[#6](-[#8]-[#6])=[#8]
"{3,5-DICHLORO-6,6A-DIHYDRO-1AH-1-OXA-CYCLOPROPA[A]INDENE}",Clc1cc(Cl)c2CC3OC3c2c1,[c]1(-[#17]):[c]:[c](-[#6](-[#8]2)-[#6]2-[#6]3):[c]3:[c](-[#17]):[c]1
"{2-(2,3-EPOXYPROPOXY)-3-PHENYLPROPIOPHENONE}",CCC(=O)c1cccc(c1OCC2CO2)c3ccccc3,[c]1:[c]:[c](-[#6](=[#8])-[#6]-[#6]):[c](-[#8]-[#6]-[#6]2-[#8]-[#6]2):[c](-[c](:[c]:[c]3):[c]:[c]:[c]3):[c]1
"{(1R,5S,6R)-5-HYDROXY-4-HYDROXYMETHYL-3-(E)-PROPENYL-7-OXABICYCLO[4.1.0]HEPT-3-EN-2-ONE}",C\C=C\C1=C(CO)[C@H](O)[C@H]2O[C@H]2C1=O,[#6@]1(-[#6]2=[#8])-[#6@](-[#8]1)-[#6@](-[#6](-[#6]-[#8])=[#6]2\-[#6]=[#6]\-[#6])-[#8]
"{(2-METHOXY-1-PHENYL-ETHYL)-(2,2,2-TRIFLUORO-1-OXIRANYL-ETHYL)-AMINE}",COC[C@H](N[C@H]([C@@H]1CO1)C(F)(F)F)c2ccccc2,[#6@](-[#7]-[#6@@](-[#6]-[#8]-[#6])-[c]1:[c]:[c]:[c]:[c]:[c]1)(-[#6](-[#9])(-[#9])-[#9])-[#6@@]2-[#6]-[#8]2
{1-PHENYL-7-OXA-BICYCLO[4.1.0]HEPTANE},C1CCC2(OC2C1)c3ccccc3,[#6]12(-[c]3:[c]:[c]:[c]:[c]:[c]3)-[#6](-[#8]1)-[#6]-[#6]-[#6]-[#6]2
{(R)-1-(3-TERT-BUTYL-OXIRANYL)-PROPAN-1-OL},CC[C@@H](O)C1OC1C(C)(C)C,[#8]1-[#6](-[#6]1-[#6@@](-[#6]-[#6])-[#8])-[#6](-[#6])(-[#6])-[#6]
{(R)-(2-BROMO-PHENYL)-(3-TERT-BUTYL-OXIRANYL)-METHANOL},CC(C)(C)C1OC1[C@H](O)c2ccccc2Br,[#6]1(-[#6@](-[#8])-[c]2:[c]:[c]:[c]:[c]:[c]2-[#35])-[#6](-[#8]1)-[#6](-[#6])(-[#6])-[#6]
{2-HEX-1-YNYL-2-METHYL-OXIRANE},CCCCC#CC1(C)CO1,[#6]1(-[#6])(-[#6]-[#8]1)-[#6]#[#6]-[#6]-[#6]-[#6]-[#6]
{AKOS BC-0146},CCOC(=O)C1(OC12[C@@H]3C[C@H]4C[C@H](C[C@@H]2C4)C3)C#N,[#6](-[#8]1)(-[#6]12-[#6@]3(-[#1])-[#6]-[#6@@](-[#1])(-[#6]-[#6@@]4(-[#1])-[#6]3)-[#6]-[#6@@]2(-[#1])-[#6]4)(-[#6]#[#7])-[#6](-[#8]-[#6]-[#6])=[#8]
"{2-([(6,6-DIMETHYLBICYCLO[3.1.1]HEPT-2-EN-2-YL)METHOXY]METHYL)OXIRANE}",CC1(C)[C@@H]2CC=C(COCC3CO3)[C@H]1C2,[#6]-[#6]1(-[#6@@](-[#1])(-[#6](-[#6]-[#8]-[#6]-[#6]2-[#8]-[#6]2)=[#6]-[#6]-[#6@@]13-[#1])-[#6]3)-[#6]
"{SPIRO[4-AZABICYCLO[2.2.2]OCTANE-2,2'-OXIRANE]}",C1CN2CCC1C3(CO3)C2,[#6]1(-[#6]2-[#6]-[#6]-[#7]3-[#6]-[#6]2)(-[#6]3)-[#6]-[#8]1
"{2-[2,8-BIS(TRIFLUOROMETHYL)-4-QUINOLYL]OXIRANE}",FC(F)(F)c1cc(C2CO2)c3cccc(c3n1)C(F)(F)F,[c]1:[c]:[c](:[c](:[n]2):[c](:[c]1)-[#6](-[#9])(-[#9])-[#9]):[c](-[#6]3-[#8]-[#6]3):[c]:[c]2-[#6](-[#9])(-[#9])-[#9]
{Z-3-CHLORO-1-(2-CHLOROPHENYL)-2-(4-FLUOROPHENYL)-OXIRANE},Fc1ccc(cc1)[C@]2(CCl)O[C@H]2c3ccccc3Cl,[#6@]1(-[#6]-[#17])(-[c]2:[c]:[c]:[c](-[#9]):[c]:[c]2)-[#8]-[#6@]1-[c]3:[c]:[c]:[c]:[c]:[c]3-[#17]
"{5,9,14-TRIMETHYL-4,12-DIOXATRICYCLO[9.3.0.03,5]TETRADECA-1(11),8,13-TRIEN-2-ONE}",C\C\1=C/CCC2(C)OC2C(=O)c3c(C)coc3C1,[#6]12-[#6](-[#8]1)(-[#6])-[#6]-[#6]\-[#6]=[#6](/-[#6])\-[#6]-[c]3:[c](:[c](-[#6]):[c]:[o]3)-[#6]2=[#8]
{3-CBZ-6-OXA-3-AZA-BICYCLO[3.1.0]HEXANE},O=C(OCc1ccccc1)N2CC3OC3C2,[#6]1(-[#8]2)-[#6]2-[#6]-[#7](-[#6](=[#8])-[#8]-[#6]-[c](:[c]:[c]3):[c]:[c]:[c]3)-[#6]1
"{4,6-DIMETHYL-1-(OXIRAN-2-YLMETHYL)PYRIMIDIN-2(1H)-ONE}",CC1=NC(=O)N(CC2CO2)C(=C1)C,[#6]1(=[#8])-[#7]=[#6](-[#6])-[#6]=[#6](-[#6])-[#7]1-[#6]-[#6]2-[#6]-[#8]2
"{2-OXIRAN-2-YL-1,3-BENZOTHIAZOLE}",C1OC1c2nc3ccccc3s2,[c]1(:[s]:[c](:[c]2:[n]1):[c]:[c]:[c]:[c]2)-[#6]3-[#6]-[#8]3
"{2-(OXIRAN-2-YLMETHYL)-1,2,3,4-TETRAHYDROISOQUINOLINE}",C(C1CO1)N2CCc3ccccc3C2,[#8]1-[#6]-[#6]1-[#6]-[#7](-[#6]-[#6]-[c](:[c]23):[c]:[c]:[c]:[c]2)-[#6]3
"{1-(OXIRAN-2-YLMETHYL)-1,2-DIHYDROPYRIDAZINE-3,6-DIONE}",O=C1NN(CC2CO2)C(=O)C=C1,[#7]1(-[#6]-[#6]2-[#6]-[#8]2)-[#6](=[#8])-[#6]=[#6]-[#6](=[#8])-[#7]1
{2-METHYL-5-OXIRAN-2-YLFURAN},Cc1oc(cc1)C2CO2,[#8]1-[#6]-[#6]1-[c]2:[c]:[c]:[c](-[#6]):[o]2
{2-METHYL-1-(OXIRAN-2-YLMETHYL)-1H-IMIDAZOLE},Cc1nccn1CC2CO2,[n]1(:[c]:[c]:[n]:[c]1-[#6])-[#6]-[#6]2-[#6]-[#8]2
{2-[1-(OXIRAN-2-YLMETHYL)PIPERIDIN-2-YL]ETHANOL},OCCC1CCCCN1CC2CO2,[#7]1(-[#6]-[#6]-[#6]-[#6]-[#6]1-[#6]-[#6]-[#8])-[#6]-[#6]2-[#6]-[#8]2
{1-(OXIRAN-2-YLMETHYL)-1H-PYRAZOLE},C(C1CO1)n2cccn2,[#8]1-[#6]-[#6]1-[#6]-[n]2:[c]:[c]:[c]:[n]2
{1-ACETYL-4-(OXIRAN-2-YLMETHYL)PIPERAZINE},CC(=O)N1CCN(CC2CO2)CC1,[#7](-[#6]-[#6]1)(-[#6]-[#6]-[#7]1-[#6]-[#6]2-[#6]-[#8]2)-[#6](-[#6])=[#8]
{2-METHYL-3-(4-METHYLPHENYL)OXIRANE},CC1OC1c2ccc(C)cc2,[#8]1-[#6](-[#6]1-[c]2:[c]:[c]:[c](:[c]:[c]2)-[#6])-[#6]
"{1,5:3,4-DIANHYDRO-D-ALTROPYRANOSE}",OC[C@@]12OC1[C@@H](O)[C@@H]3O[C@H]23,[#6@]12(-[#6]-[#8])-[#6](-[#8]1)-[#6@](-[#6@@](-[#8]3)(-[#1])-[#6@@]23-[#1])-[#8]
{METHYL 3-(6-METHOXY-2-NAPHTHYL)-3-METHYL GLYCIDATE},COC(=O)C1OC1(C)c2ccc3cc(OC)ccc3c2,[#6]1(-[#6](-[#8]-[#6])=[#8])-[#8]-[#6]1(-[#6])-[c]2:[c]:[c]:[c]3:[c](:[c]:[c]:[c](-[#8]-[#6]):[c]3):[c]2
"{1-(2-OXYCYCLOPROPYLMETHYLOL)-3,5-BIS(TRIFLUOROMETHYL)BENZENE}",OCC1OC1c2cc(cc(c2)C(F)(F)F)C(F)(F)F,[#8]1-[#6](-[#6]1-[c](:[c]2):[c]:[c](:[c]:[c]2-[#6](-[#9])(-[#9])-[#9])-[#6](-[#9])(-[#9])-[#9])-[#6]-[#8]
"{BUT-2-YNE-1,4-DIOL 2-(CHLOROMETHYL)OXIRANE}",OCC#CCO.ClCC1CO1,[#6](-[#6]-[#8])#[#6]-[#6]-[#8]
"{8,9 EET-D8}",[2H]\C(=C(/[2H])\C\C(=C(\[2H])/CC1([2H])OC1([2H])C\C(=C(\[2H])/CCCC(=O)O)\[2H])\[2H])\CCCCC,[#6](/-[2#1])(\-[#6]-[#6]-[#6]-[#6](-[#8])=[#8])=[#6](\-[#6]-[#6]1(-[#6](-[2#1])(-[#8]1)-[#6]\-[#6](\-[2#1])=[#6](\-[2#1])/-[#6]\-[#6](=[#6](/-[#6]-[#6]-[#6]-[#6]-[#6])\-[2#1])\-[2#1])-[2#1])/-[2#1]
"{4-NITRO-2-(OXIRAN-2-YLMETHYL)-2,3-DIHYDRO-1H-ISOINDOLE-1,3-DIONE}",[O-][N+](=O)c1cccc2C(=O)N(CC3CO3)C(=O)c12,[#7]1(-[#6]-[#6]2-[#6]-[#8]2)-[#6](=[#8])-[c](:[c]3-[#6]1=[#8]):[c]:[c]:[c]:[c]3-[#7+](=[#8])-[#8-]
"{3-(OXIRAN-2-YLMETHYL)-2,3-DIHYDRO-1,3-BENZOXAZOL-2-ONE}",O=C1Oc2ccccc2N1CC3CO3,[#7]1(-[#6]-[#6]2-[#6]-[#8]2)-[c]3:[c](-[#8]-[#6]1=[#8]):[c]:[c]:[c]:[c]3
"{6-BROMO-1-(OXIRAN-2-YLMETHYL)-2,3-DIHYDRO-1H-INDOLE-2,3-DIONE}",Brc1ccc2C(=O)C(=O)N(CC3CO3)c2c1,[#7]1(-[#6]-[#6]2-[#6]-[#8]2)-[c]3:[c](-[#6](=[#8])-[#6]1=[#8]):[c]:[c]:[c](-[#35]):[c]3
"{2-(OXIRAN-2-YLMETHYL)-1,2,3,4-TETRAHYDROPHTHALAZINE-1,4-DIONE}",O=C1NN(CC2CO2)C(=O)c3ccccc13,[#7]1(-[#6]-[#6]2-[#6]-[#8]2)-[#7]-[#6](=[#8])-[c](:[c]3-[#6]1=[#8]):[c]:[c]:[c]:[c]3
"{5-BROMO-1-(OXIRAN-2-YLMETHYL)-1,2-DIHYDROPYRIDIN-2-ONE",BrC1=CN(CC2CO2)C(=O)C=C1,[#7]1(-[#6]-[#6]2-[#6]-[#8]2)-[#6]=[#6](-[#35])-[#6]=[#6]-[#6]1=[#8]
2-[4-(OXIRAN-2-YLMETHYL)PIPERAZIN-1-YL]PYRIMIDINE},C(C1CO1)N2CCN(CC2)c3ncccn3,[c]1(:[n]:[c]:[c]:[c]:[n]1)-[#7](-[#6]-[#6]2)-[#6]-[#6]-[#7]2-[#6]-[#6]3-[#6]-[#8]3
"{3-(OXIRAN-2-YLMETHYL)-3H,4H-THIENO[2,3-D]PYRIMIDIN-4-ONE}",O=C1N(CC2CO2)C=Nc3sccc13,[c](:[c]:[c]:[s]1)(:[c]1-[#7]=[#6]-[#7]2-[#6]-[#6]3-[#6]-[#8]3)-[#6]2=[#8]
"{2-(OXIRAN-2-YLMETHYL)-2H,3H-[1,2,4]TRIAZOLO[3,4-A]PYRIDIN-3-ONE}",O=C1N(CC2CO2)N=C3C=CC=CN13,[#7]12-[#6](-[#6]=[#6]-[#6]=[#6]1)=[#7]-[#7](-[#6]-[#6]3-[#6]-[#8]3)-[#6]2=[#8]
{CYCLOPENTANONE O-OXIRANYLMETHYL-OXIME},C(ON=C1CCCC1)C2CO2,[#8]1-[#6]-[#6]1-[#6]-[#8]\-[#7]=[#6](/-[#6]-[#6]-[#6]2)\-[#6]2
"{TERT-BUTYL-((1S,2R,3S,5R)-2-HEXYL-6-OXA-BICYCLO[3.1.0]HEX-3-YLOXY)-DIMETHYL-SILANE}",CCCCCC[C@H]1[C@H](C[C@H]2O[C@@H]12)O[Si](C)(C)C(C)(C)C,[#8]1-[#6@@](-[#6@@]1-[#6@](-[#6@]2-[#8]-[#14](-[#6])(-[#6])-[#6](-[#6])(-[#6])-[#6])-[#6]-[#6]-[#6]-[#6]-[#6]-[#6])-[#6]2
{5-(R)-OXIRANYL-2-PHENYLACETOXY-BENZOIC ACID METHYL ESTER},COC(=O)c1cc(ccc1OC(=O)Cc2ccccc2)[C@@H]3CO3,[c]1(-[#6](-[#8]-[#6])=[#8]):[c]:[c](:[c]:[c]:[c]1-[#8]-[#6](-[#6]-[c]2:[c]:[c]:[c]:[c]:[c]2)=[#8])-[#6@@]3-[#6]-[#8]3
"{(-)-(2S,3S)-2,3-EPOXY-3-CYCLOHEXYL-1-PROPANOL}",OC[C@@H]1O[C@H]1C2CCCCC2,[#6@@]1(-[#6]2-[#6]-[#6]-[#6]-[#6]-[#6]2)-[#8]-[#6@]1-[#6]-[#8]
"{2-[4-(3,3-DIMETHYL-OXYRANYL)-PHENYL]-PROPIONIC ACID}",CC(C(=O)O)c1ccc(cc1)C2OC2(C)C,[#6]-[#6](-[c](:[c]:[c]1):[c]:[c]:[c]1-[#6]2-[#8]-[#6]2(-[#6])-[#6])-[#6](-[#8])=[#8]
{CYCLIZIDINE},C\C(=C/[C@H]1[C@H](O)[C@@](C)(O)[C@H]2[C@@H]3O[C@@H]3CCN12)\C=C\C4CC4,[#6@]12(-[#1])-[#6@@](-[#8]1)(-[#1])-[#6]-[#6]-[#7](-[#6@](-[#6@](-[#8])-[#6@@]3(-[#6])-[#8])\-[#6]=[#6](/-[#6])\-[#6]=[#6]\-[#6]4-[#6]-[#6]4)-[#6@]23-[#1]
{CRINIPELLIN A},CC(C)[C@@H]1CC[C@]23C[C@@H]4C(=C)C(=O)[C@H]5O[C@@]45[C@@]2(C)C(=O)[C@H](O)[C@]13C,[#6@]12(-[#6@](-[#1])(-[#6]-[#6@](-[#6]-[#6]-[#6@]3-[#6](-[#6])-[#6])(-[#6@@]3(-[#6@@](-[#8])-[#6]4=[#8])-[#6])-[#6@@]14-[#6])-[#6](-[#6]5=[#8])=[#6])-[#6@@]5(-[#8]2)-[#1]
{PODOLIDE},CC(C)[C@H]1OC(=O)C=C2[C@@]3(C)CC=C[C@@]4(C)[C@@H]3[C@H](OC4=O)[C@H]5O[C@@]125,[#6@]12(-[#6]3=[#6]-[#6](=[#8])-[#8]-[#6@@]1-[#6](-[#6])-[#6])-[#6@@](-[#8]2)(-[#1])-[#6@@]4(-[#6@@](-[#1])(-[#6@](-[#6]=[#6]5)(-[#6](=[#8])-[#8]4)-[#6])-[#6@]3(-[#6])-[#6]5)-[#1]
{FOSFOMYCIN PHENYLETHYLAMINE},C[C@@H](N)c1ccccc1.C[C@@H]2O[C@@H]2P(=O)(O)O,[c]1(:[c]:[c]:[c]:[c]:[c]1)-[#6@@](-[#6])-[#7]
"{3'-ACETYL-4'-(2,3-EPOXYPROPOXY-D5)-BUTYRANILIDE}",[2H]C([2H])(Oc1ccc(NC(=O)CCC)cc1C(=O)C)C2([2H])OC2([2H])[2H],[#6]1(-[2#1])(-[#6](-[2#1])(-[2#1])-[#8]-[c]2:[c]:[c]:[c](:[c]:[c]2-[#6](-[#6])=[#8])-[#7]-[#6](-[#6]-[#6]-[#6])=[#8])-[#6](-[#8]1)(-[2#1])-[2#1]
"{APOSCOPOLAMINE, HYDROCHLORIDE SALT}",Cl.CN1[C@@H]2C[C@H](C[C@H]1[C@@H]3O[C@H]23)OC(=O)C(=C)c4ccccc4,[#6@]1(-[#1])(-[#6@]2(-[#1])-[#7](-[#6@@]3(-[#1])-[#6]-[#6@](-[#8]-[#6](=[#8])-[#6](=[#6])-[c]4:[c]:[c]:[c]:[c]:[c]4)-[#6]2)-[#6])-[#6@]3(-[#8]1)-[#1]
"{10,11-DIHYDRO-10,11-EPOXYCARBAMAZEPINE-13C,D2}",[2H]N([2H])[13C](=O)N1c2ccccc2C3OC3c4ccccc14,[#7](-[c]1:[c](:[c]:[c]:[c]:[c]1)-[#6]2-[#6]3-[#8]2)(-[c]4:[c]3:[c]:[c]:[c]:[c]4)-[13#6](=[#8])-[#7](-[2#1])-[2#1]
"{(+)-1,3-BUTADIENE-D6 DIEPOXIDE}",[2H]C1([2H])OC1([2H])C2([2H])OC2([2H])[2H],[#6]1(-[2#1])(-[#6](-[#8]1)(-[2#1])-[2#1])-[#6]2(-[2#1])-[#6](-[#8]2)(-[2#1])-[2#1]
{IFLAB-BB F2113-0581},C(Oc1ccc2[nH]ccc2c1)C3CO3,[#8]1-[#6]-[#6]1-[#6]-[#8]-[c](:[c]:[c]:[c]2:[c]3:[c]:[c]:[n]2):[c]3
"{(2R,3S)-3-(4-BROMOPHENYL)-2-METHYLOXIRANE-2-CARBOXAMIDE}",C[C@]1(O[C@H]1c2ccc(Br)cc2)C(=O)N,[#6@@]1(-[#6])(-[#6](-[#7])=[#8])-[#6@@](-[#8]1)-[c]2:[c]:[c]:[c](-[#35]):[c]:[c]2
"{ETHYL (1R*,2R*,4S*,5S*)-4-(BENZYLOXYCARBONYLAMINO)-6-OXA-BICYCLO[3.1.0]HEXANE-2-CARBOXYLATE}",CCOC(=O)[C@@H]1C[C@H](NC(=O)OCc2ccccc2)[C@@H]3O[C@H]13,[#6@@]12-[#6@@](-[#6@@](-[#6]-[#6@@]1-[#7]-[#6](-[#8]-[#6]-[c]3:[c]:[c]:[c]:[c]:[c]3)=[#8])-[#6](-[#8]-[#6]-[#6])=[#8])-[#8]2
{4-NITRO-1-(OXIRAN-2-YLMETHYL)-1H-IMIDAZOLE},[O-][N+](=O)c1cn(CC2CO2)cn1,[c]1(:[c]:[n](:[c]:[n]1)-[#6]-[#6]2-[#6]-[#8]2)-[#7+](=[#8])-[#8-]
"{6-METHYL-1-(OXIRAN-2-YLMETHYL)-1,2,3,4-TETRAHYDROQUINOLINE}",Cc1ccc2N(CC3CO3)CCCc2c1,[#7]1(-[#6]-[#6]-[#6]-[c](:[c]:[c](-[#6]):[c]:[c]2):[c]12)-[#6]-[#6]3-[#6]-[#8]3
{2-([(2-ETHYLCYCLOHEXYL)OXY]METHYL)OXIRANE},CCC1CCCCC1OCC2CO2,[#8]1-[#6]-[#6]1-[#6]-[#8]-[#6]2-[#6]-[#6]-[#6]-[#6]-[#6]2-[#6]-[#6]
{2-[(4-CHLORO-2-NITROPHENOXY)METHYL]OXIRANE},[O-][N+](=O)c1cc(Cl)ccc1OCC2CO2,[#7+](=[#8])(-[#8-])-[c]1:[c](:[c]:[c]:[c](-[#17]):[c]1)-[#8]-[#6]-[#6]2-[#6]-[#8]2
"{10,11-DIHYDRO-10,11-EPOXYCARBAMAZEPINE-D2}",[2H]C12OC1([2H])c3ccccc3N(C(=O)N)c4ccccc24,[#6]1(-[2#1])(-[c]2:[c]3:[c]:[c]:[c]:[c]2)-[#6](-[#8]1)(-[2#1])-[c]4:[c](-[#7]3-[#6](-[#7])=[#8]):[c]:[c]:[c]:[c]4
"{3-(3',4',5'-TRIMETHOXYPHENYL)-EPOXYPROPIONIC ACID}",COc1cc(cc(OC)c1OC)C2OC2C(=O)O,[#6]1(-[#6](-[#8])=[#8])-[#6](-[#8]1)-[c](:[c]:[c](:[c]2-[#8]-[#6])-[#8]-[#6]):[c]:[c]2-[#8]-[#6]
{2-BENZO[B]THIOPHEN-5-YL-OXIRANE},C1OC1c2ccc3sccc3c2,[#8]1-[#6]-[#6]1-[c](:[c]:[c]:[c]2:[c]3:[c]:[c]:[s]2):[c]3
{BENZHYDRYL-OXIRANYLMETHYL-AMINE},C(NC(c1ccccc1)c2ccccc2)C3CO3,[#8]1-[#6]-[#6]1-[#6]-[#7]-[#6](-[c]2:[c]:[c]:[c]:[c]:[c]2)-[c]3:[c]:[c]:[c]:[c]:[c]3
{3-(OXIRAN-2-YLMETHOXY)BENZO[D]ISOXAZOLE},C(Oc1noc2ccccc12)C3CO3,[c]1:[c]:[c](:[c](-[#8]-[#6]-[#6]2-[#6]-[#8]2):[n]:[o]3):[c]3:[c]:[c]1
{OTAVA-BB 1060229},CCCC1OC1(Cl)C(=O)OCC,[#6]1(-[#17])(-[#6](-[#8]-[#6]-[#6])=[#8])-[#6](-[#8]1)-[#6]-[#6]-[#6]
"{2,6-EPOXY-2,2A,5,5A,6,6A-HEXAHYDROOXIRENO[F]ISOBENZOFURAN-3(1AH)-ONE}",C1OCC2C1C3OC2C4OC34,[#6]1(-[#8]-[#6]2-[#6](-[#6]13)-[#6]-[#8]-[#6]3)-[#6](-[#8]4)-[#6]24
{(+/-)11(12)-EPETRE-D11},[2H]C([2H])([2H])C([2H])([2H])C([2H])([2H])C([2H])([2H])C([2H])([2H])\C=C/CC1OC1C\C=C/C\C=C/CCCC(=O)O,[#6](-[#6](=[#8])-[#8])-[#6]-[#6]\-[#6]=[#6]/-[#6]\-[#6]=[#6]/-[#6]-[#6]1-[#6](-[#6]\-[#6]=[#6]/-[#6](-[2#1])(-[2#1])-[#6](-[2#1])(-[2#1])-[#6](-[2#1])(-[2#1])-[#6](-[2#1])(-[2#1])-[#6](-[2#1])(-[2#1])-[2#1])-[#8]1
{NIVALENOL HYDRATE},O.CC1=C[C@H]2O[C@@H]3[C@H](O)[C@@H](O)[C@@](C)([C@]34CO4)[C@@]2(CO)[C@H](O)C1=O,[#6@@]1(-[#6]-[#8]1)(-[#6@@]2(-[#1])-[#6@](-[#8])-[#6@]3-[#8])-[#6@]3(-[#6@](-[#6@](-[#8]2)(-[#6]=[#6](-[#6]4=[#8])-[#6])-[#1])(-[#6@@]4-[#8])-[#6]-[#8])-[#6]
